employee_id,age,gender,education,experience_years,department,job_level,manager_tenure,projects_count,avg_task_delay_days,on_time_delivery_rate,bug_count,code_review_score,qa_defect_density,story_points_completed,billable_hours_ratio,training_hours,certifications_count,internal_hackathons_participated,sick_days,unplanned_absences,avg_login_hours,peer_feedback_score,manager_score_mid_year,kudos_count,promotions_in_2y,salary_percentile_band,perf_band_next
2001,26,Female,Diploma,15,Engineering,L1,14,9,4.7,0.89,15,3.92,0.8,112,0.76,94,5,1,4,0,6.1,4.48,4.13,3,2,P25,H
2002,47,Other,Bachelors,15,Product,L2,14,7,0.6,0.67,18,3.95,0.82,26,0.6,1,5,1,12,2,8.8,4.7,4.07,10,1,P75,M
2003,25,Other,Masters,21,HR,L2,14,1,0.4,0.97,23,3.66,1.4,110,0.54,118,2,2,4,0,10.6,3.31,3.4,5,1,P25,H
2004,41,Other,Diploma,1,HR,L5,2,8,0.5,0.65,38,2.54,1.36,95,0.98,16,4,4,12,4,10.9,3.11,4.39,20,0,P25,M
2005,45,Female,Bachelors,7,Finance,L4,5,5,3.4,0.87,5,3.22,0.72,72,0.8,16,2,4,5,8,9,4.38,4.41,2,1,P25,H
2006,50,Female,Diploma,1,Finance,L3,10,11,9.3,0.61,23,4.14,0.9,79,0.51,15,3,2,4,6,8.3,3.75,3.08,2,1,P50,M
2007,36,Male,PhD,25,Finance,L1,6,8,3.3,0.95,13,4.27,1.06,179,0.86,57,5,0,1,6,9.1,2.86,4.94,3,1,P75,H
2008,45,Other,Diploma,29,Product,L4,6,5,8.2,0.76,10,4.88,0.81,85,0.59,72,0,0,2,2,9.6,3.08,2.83,17,0,P90,M
2009,30,Male,Masters,26,QA,L1,14,4,6.4,0.85,24,3.7,0.43,156,0.7,27,3,4,10,4,9.6,3.5,3.46,0,2,P90,H
2010,47,Other,Bachelors,27,Finance,L1,1,3,7,0.84,15,4.22,0.24,165,0.77,76,1,3,0,8,9.6,3.25,2.88,6,0,P90,H
2011,48,Male,Bachelors,15,Finance,L5,9,6,6.6,0.68,38,4.49,0.84,33,0.87,24,3,1,13,3,9.6,4.82,3.77,20,1,P90,M
2012,30,Male,PhD,14,HR,L2,6,6,2,0.78,22,4.4,0.66,79,0.98,25,5,1,8,0,9.6,3.49,2.76,13,1,P90,H
2013,26,Male,Diploma,20,Finance,L2,14,9,8.7,0.6,7,2.81,0.41,157,0.63,48,5,1,0,8,9.6,2.68,2.72,5,2,P75,M
2014,29,Female,Bachelors,14,Engineering,L5,9,4,4.2,0.91,17,4.73,0.52,101,0.52,66,0,2,1,0,9.6,3.99,4.26,17,1,P75,H
2015,22,Male,Diploma,3,Sales,L1,4,8,9.3,0.78,30,4.38,0.06,178,0.6,114,2,3,14,5,9.6,2.72,4.26,12,1,P25,H
2016,33,Male,Masters,27,Product,L2,2,1,0.2,0.71,34,4.17,0.83,21,0.66,107,1,4,8,1,9.6,4.91,4.8,19,0,P90,M
2017,28,Female,Bachelors,16,Product,L5,14,7,1.2,0.76,22,2.86,0.11,188,0.61,28,1,0,4,1,9.6,3.3,2.84,12,2,P75,H
2018,41,Male,PhD,22,Finance,L4,11,10,1.3,0.76,3,4.86,0.16,105,0.71,2,0,3,12,5,9.6,3.54,3.3,7,0,P90,H
2019,27,Male,PhD,27,Engineering,L3,10,7,7.3,0.66,22,4.2,1.16,160,0.71,23,3,2,11,1,9.6,4.58,2.55,18,2,P75,H
2020,46,Other,Masters,8,Product,L1,7,11,1.1,0.75,12,2.98,0.16,189,0.97,64,1,0,12,8,9.6,2.82,3.54,8,1,P75,H
2021,22,Male,PhD,12,QA,L1,10,6,4.3,0.87,16,3.96,1.05,24,0.97,50,2,1,14,6,9.6,3.3,3.72,2,0,P90,M
2022,31,Other,Bachelors,16,Sales,L2,8,10,5.1,0.82,31,2.87,0.73,112,0.72,61,3,3,3,5,9.6,2.87,3.63,4,2,P25,M
2023,36,Female,Masters,21,Product,L5,10,7,5.1,1,12,2.64,0.36,87,0.68,94,4,3,2,9,9.6,4.85,3.75,11,0,P90,H
2024,26,Male,Masters,7,QA,L3,8,8,2.9,0.9,22,4.28,0.86,134,0.94,25,2,1,3,1,9.6,3,3.24,10,1,P25,H
2025,31,Other,Bachelors,16,Engineering,L3,8,6,8.8,0.93,36,4.34,0.78,51,0.85,18,0,3,6,1,9.6,3.82,2.86,15,1,P90,M
2026,45,Male,PhD,5,Engineering,L3,9,9,4.5,0.66,28,3.79,1.37,68,0.94,59,2,3,12,3,9.6,2.67,2.79,14,0,P50,M
2027,25,Other,Masters,7,Finance,L2,9,4,1.8,0.81,3,2.87,1.45,177,0.71,69,0,3,11,3,9.6,3.14,3.2,12,1,P90,H
2028,30,Other,PhD,16,QA,L4,11,7,5.6,0.7,26,3.32,0.7,62,0.51,59,5,1,4,4,9.6,2.67,3.91,13,1,P25,M
2029,41,Male,Bachelors,16,HR,L3,2,10,1.1,0.7,38,2.76,0.55,69,0.65,88,3,0,5,3,9.6,3.94,4.5,4,2,P25,M
2030,23,Male,Bachelors,13,Engineering,L4,2,7,6.7,0.73,7,3.07,0.88,103,0.6,95,1,4,14,6,9.6,4.73,4.12,19,0,P25,M
2031,22,Other,Bachelors,11,QA,L5,1,9,1.7,0.83,13,2.66,0.17,184,0.81,54,0,1,13,9,9.6,3.97,2.77,4,2,P75,H
2032,38,Other,PhD,26,QA,L2,13,8,8.9,0.77,20,4.16,0.79,151,0.8,93,5,0,1,8,9.6,3.17,3.95,7,1,P25,M
2033,53,Other,Masters,18,Engineering,L2,2,1,0.8,0.76,36,4.45,0.15,116,0.56,18,4,2,10,1,9.6,3.9,2.92,22,1,P90,H
2034,51,Female,Diploma,9,Product,L4,14,7,3.1,0.75,38,3.79,0.41,57,0.9,118,3,3,8,0,9.6,3.37,2.93,16,0,P75,M
2035,50,Other,Bachelors,12,Sales,L4,7,9,2.2,0.99,19,4.15,1.14,119,0.84,40,1,2,1,5,9.6,2.56,4.35,23,1,P50,H
2036,29,Other,Diploma,9,Product,L2,8,6,5.7,0.77,6,2.88,1.16,125,0.71,14,3,1,11,7,9.6,3.74,3.08,20,2,P75,M
2037,45,Female,Diploma,2,Engineering,L5,1,8,4.1,0.97,36,4.77,0.72,183,0.72,37,3,0,3,9,9.6,2.57,2.65,11,0,P90,H
2038,32,Other,PhD,1,Engineering,L1,7,1,4.5,1,18,3.99,1.45,93,0.73,14,5,3,11,2,9.6,3.07,3.56,8,2,P75,H
2039,22,Female,PhD,4,Finance,L1,14,10,4.5,0.85,28,2.81,0.23,113,0.84,35,3,3,13,4,9.6,2.9,3.38,4,0,P50,M
2040,29,Male,Diploma,2,Product,L3,2,11,6.1,0.99,4,3.84,0.47,153,0.74,98,3,0,14,3,9.6,4.55,4.06,16,2,P75,H
2041,45,Male,PhD,24,Product,L4,13,11,2.6,1,31,3.65,0.89,119,0.95,41,1,1,2,3,9.6,2.95,3.28,8,0,P50,H
2042,50,Other,Masters,5,Engineering,L3,2,10,3.2,0.93,15,4.67,0.67,93,0.81,58,2,0,4,0,9.6,3.15,4.49,24,1,P25,H
2043,54,Female,Diploma,2,Finance,L3,1,6,2.6,0.89,0,4.37,0.97,186,0.68,17,1,0,6,6,9.6,3.39,4.59,24,0,P75,H
2044,43,Female,PhD,17,QA,L1,11,3,1.4,0.69,12,2.74,0.13,59,0.89,7,3,4,13,3,9.6,3.45,3.53,16,1,P25,M
2045,25,Female,Diploma,8,HR,L4,12,6,6.2,0.67,20,4.12,1.08,163,0.79,119,1,0,2,1,9.6,3.32,4.11,0,2,P50,M
2046,49,Male,Diploma,2,Sales,L5,12,11,9.3,0.62,22,2.63,0.24,158,0.59,50,1,0,6,7,9.6,3.1,4.06,24,0,P50,M
2047,41,Female,Masters,24,Finance,L4,10,4,9.1,0.69,20,3.74,0.41,154,0.83,51,3,4,11,7,9.6,2.93,4.89,15,2,P25,M
2048,49,Other,PhD,29,Finance,L1,13,9,9.7,0.81,23,4.59,0.27,172,0.95,23,5,3,6,1,9.6,4.19,4.29,17,1,P50,H
2049,26,Female,Bachelors,24,QA,L1,1,3,1.1,0.77,37,2.97,1.08,100,0.73,1,1,3,5,6,9.6,2.78,2.76,2,1,P25,M
2050,41,Female,Bachelors,17,Product,L2,4,7,7.2,0.9,30,4.12,0.06,35,0.79,45,5,3,11,3,9.6,4.06,3.58,20,1,P50,M
2051,52,Other,Diploma,14,Sales,L3,5,5,0.7,0.72,6,3.52,1.47,187,0.54,17,5,4,7,2,9.6,3.58,3.96,10,2,P75,H
2052,31,Female,Masters,6,HR,L3,13,3,8.2,0.85,12,2.79,0.56,117,0.53,106,1,4,10,3,9.6,4.11,4.34,14,1,P90,M
2053,51,Other,Bachelors,20,Finance,L5,8,2,8.4,0.74,0,4.72,0.35,194,0.63,86,2,1,6,6,9.6,2.78,4.46,5,1,P90,H
2054,39,Male,Bachelors,26,Engineering,L2,11,8,4.8,0.69,20,4.3,0.49,41,0.98,11,3,1,4,4,9.6,4.46,3.86,22,1,P90,M
2055,53,Other,PhD,10,Sales,L4,8,2,9.9,0.91,13,3.17,0.74,64,0.55,37,0,3,4,5,9.6,2.77,3.19,21,0,P50,M
2056,24,Female,Masters,25,Finance,L4,8,9,4.6,0.72,30,3,0.35,120,0.66,32,0,1,8,0,9.6,4.33,4.33,1,1,P90,M
2057,41,Other,PhD,7,Sales,L2,2,10,5.4,0.81,20,3.39,1.14,161,0.83,105,4,0,13,6,9.6,4.54,3.31,3,0,P50,H
2058,40,Female,Masters,23,Finance,L4,10,11,3.4,0.7,6,4.29,1.13,157,0.95,83,2,1,12,7,9.6,3.93,3.54,17,2,P90,H
2059,43,Other,Bachelors,19,Sales,L2,14,9,8.2,0.86,8,4.79,0.94,85,0.98,73,2,4,3,9,9.6,3.11,3.02,21,2,P25,M
2060,25,Male,Diploma,2,Finance,L4,1,9,5.6,0.67,12,3.79,1.36,92,0.82,35,1,2,5,2,9.6,3.3,4.7,3,1,P25,M
2061,33,Other,Bachelors,9,Finance,L2,13,7,5,0.63,3,2.51,1.08,182,0.52,85,2,2,9,8,9.6,2.54,2.85,7,2,P25,M
2062,38,Female,Masters,5,Sales,L3,4,3,4.2,0.85,36,2.53,0.24,125,0.72,8,3,0,3,0,9.6,3.82,3.14,22,2,P25,M
2063,34,Female,PhD,11,Sales,L2,6,8,7.5,0.8,25,3.11,0.4,135,0.95,99,0,4,0,1,9.6,3.63,4.25,20,1,P50,M
2064,51,Female,PhD,21,HR,L3,8,3,0.7,0.86,26,4.46,0.71,152,0.65,95,1,2,4,1,9.6,2.56,3.97,18,0,P50,H
2065,31,Male,Diploma,21,Product,L2,9,4,6.3,0.63,25,2.92,0.46,186,0.5,109,4,1,8,8,9.6,4.54,3.48,18,0,P75,H
2066,34,Male,PhD,15,QA,L5,9,4,0.7,0.91,28,3.94,0.59,183,0.96,42,1,3,4,1,9.6,3.58,4,12,0,P25,H
2067,25,Male,Bachelors,8,Sales,L3,7,2,2.2,0.62,35,2.57,0.71,143,0.95,80,0,2,1,0,9.6,4.48,4.33,18,0,P25,M
2068,36,Female,Masters,29,Product,L1,1,5,0.3,0.98,21,3.31,1.18,95,0.86,63,3,3,5,2,9.6,3.44,3.96,11,1,P75,H
2069,42,Male,PhD,27,HR,L3,12,2,5.2,0.98,30,4.15,0.82,43,0.58,27,3,1,7,7,9.6,4.81,2.52,17,1,P75,H
2070,37,Male,Masters,2,HR,L2,9,8,9.4,0.92,23,4.2,1.26,156,0.86,61,1,1,5,6,9.6,4.01,3.77,18,1,P90,H
2071,26,Male,PhD,21,HR,L1,6,8,2.1,0.73,5,2.54,0.91,57,0.56,75,3,2,6,8,9.6,4.28,2.75,10,0,P50,M
2072,30,Female,PhD,24,QA,L5,11,7,1.1,0.86,20,2.94,0.01,24,0.62,4,1,3,2,5,9.6,4.76,4.32,13,2,P75,M
2073,48,Other,Masters,3,HR,L5,12,9,5.3,1,10,3.08,1.48,149,0.51,90,2,2,3,4,9.6,4.78,2.51,9,0,P25,H
2074,45,Female,Bachelors,22,Engineering,L1,13,9,0.2,0.89,4,3.14,0.22,111,0.61,19,1,1,9,3,9.6,3.59,3.04,4,2,P50,H
2075,35,Other,Masters,22,Sales,L2,4,6,3.5,0.86,37,3.4,0.59,105,0.94,45,5,1,14,1,9.6,2.66,4.09,4,2,P50,M
2076,25,Female,Diploma,29,HR,L4,2,4,4.5,0.61,3,4.46,0.03,57,0.87,53,3,2,8,8,9.6,3.52,4.62,17,1,P25,M
2077,51,Other,Masters,9,Engineering,L2,2,4,0.8,0.61,4,2.76,0.79,50,0.84,31,5,1,2,7,9.6,3.73,2.58,12,2,P50,M
2078,34,Other,PhD,3,QA,L3,8,2,8.9,0.85,22,3.08,1.02,168,0.8,79,5,2,8,6,9.6,2.62,3.18,4,2,P50,M
2079,34,Female,Masters,25,QA,L1,5,3,3.8,0.79,36,3.71,0.43,60,0.61,45,2,3,14,8,9.6,2.78,3.94,24,2,P90,M
2080,37,Male,Diploma,8,Engineering,L2,5,4,5.9,0.8,29,4.45,1.39,149,0.54,98,0,1,6,4,9.6,4.96,3.89,22,0,P50,H
2081,51,Other,Bachelors,22,QA,L3,10,8,1.1,0.68,33,4.43,0.22,158,0.63,70,4,1,8,2,9.6,4.64,4.5,13,1,P50,H
2082,30,Male,PhD,23,QA,L3,9,5,9.7,0.72,17,2.77,1.42,141,0.93,52,1,2,12,8,9.6,2.91,3.54,11,1,P50,M
2083,28,Male,Diploma,6,Engineering,L2,4,5,1.8,0.96,6,3.84,1.18,111,0.76,13,3,3,1,9,9.6,4.1,4.65,4,1,P50,H
2084,43,Male,Diploma,5,Sales,L2,12,4,4.7,0.75,16,4.12,0.23,189,0.54,4,1,2,2,3,9.6,4.23,3.46,2,0,P25,H
2085,49,Male,PhD,29,Finance,L3,3,8,0.9,0.99,21,3.59,0.15,194,0.64,34,4,2,4,4,9.6,3.6,3.86,23,1,P90,H
2086,29,Other,Diploma,23,QA,L1,1,8,1.6,0.67,19,4.63,0.1,133,0.73,57,3,4,5,7,9.6,4.54,3.62,16,2,P90,H
2087,39,Female,Bachelors,0,Product,L1,10,3,1.4,0.81,23,2.78,0.87,34,0.59,44,5,1,13,2,9.6,4.04,3.83,15,2,P90,M
2088,27,Male,Bachelors,11,HR,L3,1,1,3.9,0.86,9,3.9,0.38,60,0.55,60,5,1,12,8,9.6,3.19,2.85,23,2,P25,M
2089,51,Male,Masters,13,QA,L4,6,1,0.9,0.87,13,4.29,1.46,186,0.74,58,4,3,9,4,9.6,3.25,4.41,4,1,P50,H
2090,48,Other,Bachelors,28,Product,L4,1,1,4.7,0.92,20,4.95,0.17,61,0.94,58,4,4,12,1,9.6,2.52,2.85,8,2,P50,M
2091,22,Male,Bachelors,10,Product,L5,11,6,5.7,0.9,11,2.52,1.21,78,0.62,12,2,4,14,8,9.6,4.76,3.62,6,2,P25,M
2092,44,Other,Diploma,4,HR,L2,13,9,1.9,0.93,9,4.31,0.56,193,0.72,0,3,1,5,3,9.6,3.93,4.09,12,2,P25,H
2093,34,Female,Masters,26,Finance,L2,3,3,7.7,0.62,32,3.35,0.02,117,0.9,0,0,2,9,9,9.6,2.74,3.05,24,1,P50,M
2094,28,Female,Bachelors,16,Product,L4,13,5,0.8,0.63,32,4.36,1.1,138,0.78,54,2,1,13,2,9.6,3.57,4.97,24,1,P50,H
2095,51,Female,Diploma,2,Product,L2,13,11,5.7,0.65,35,3.82,0.88,147,0.82,102,2,4,12,1,9.6,3.14,4.21,14,2,P75,M
2096,39,Male,Bachelors,5,Finance,L5,8,3,8.1,0.68,26,4.45,0.34,154,0.86,55,4,1,6,2,9.6,3.23,2.82,18,2,P90,M
2097,27,Male,Bachelors,15,Finance,L3,10,7,6.1,0.89,15,2.91,0.53,117,0.91,58,1,1,4,0,9.6,2.53,4.97,3,2,P90,M
2098,37,Female,PhD,23,Sales,L5,14,4,0,0.82,17,4.79,0.23,113,0.53,109,3,4,0,0,9.6,4.95,3.36,20,0,P25,H
2099,34,Other,Diploma,22,Sales,L2,5,8,0.7,0.88,26,3.47,0.2,179,0.79,5,3,0,8,5,9.6,2.81,4.62,0,1,P75,H
2100,50,Female,Diploma,29,Engineering,L1,12,4,0.5,0.84,8,4.51,0.85,106,0.54,29,4,4,13,5,9.6,2.58,3.34,19,1,P90,H
2101,31,Male,Diploma,24,QA,L1,6,8,1.3,0.82,32,3.23,0.81,169,0.58,54,5,3,6,1,9.6,3.62,3.99,14,2,P25,H
2102,45,Female,Masters,20,QA,L2,8,6,5.3,0.67,28,2.84,0.3,65,0.53,105,0,1,1,8,9.6,4.66,4.32,21,1,P90,M
2103,43,Other,Masters,20,QA,L1,9,9,9.6,0.94,29,3.36,0.45,107,0.59,54,3,1,7,3,9.6,3.19,3.5,17,0,P90,M
2104,26,Male,Masters,16,Finance,L4,14,6,3.7,0.91,12,4.19,1.49,39,0.94,116,2,1,14,8,9.6,3.31,4.96,15,2,P50,M
2105,49,Male,PhD,18,Sales,L3,4,3,7.9,0.9,10,4.8,0.53,165,0.58,94,0,4,11,2,9.6,4.48,4.72,8,2,P75,H
2106,34,Other,Diploma,1,HR,L3,13,6,2.7,0.97,10,3.74,0.73,150,0.51,103,1,1,14,7,9.6,4.52,3.1,19,0,P90,H
2107,33,Male,PhD,14,QA,L1,3,4,9.7,0.76,12,3.33,0.24,125,0.63,102,2,1,9,2,9.6,3.54,4.19,17,0,P25,M
2108,28,Female,Masters,26,HR,L1,11,6,3.8,0.77,13,4.83,0.04,56,0.88,4,2,0,10,2,9.6,2.67,3.58,6,0,P75,M
2109,43,Female,Masters,29,Product,L3,7,9,2,0.79,32,4.35,0.92,57,0.76,33,2,0,9,6,9.6,4.83,4.73,19,1,P50,H
2110,43,Female,Bachelors,27,Engineering,L2,3,2,1.9,0.74,17,3.63,0.36,49,0.77,6,2,4,11,9,9.6,4.24,2.89,3,1,P75,M
2111,52,Female,Bachelors,24,Finance,L3,1,9,1.1,0.8,24,4.13,1.11,133,0.83,20,1,2,11,1,9.6,4.24,4.38,20,2,P90,H
2112,50,Male,Diploma,5,Engineering,L5,13,1,0.8,0.85,22,3.14,0.35,97,0.66,109,0,1,8,1,9.6,2.8,3.47,0,0,P90,M
2113,34,Female,Masters,9,Product,L5,2,3,9.3,0.83,4,3.74,0.55,195,0.89,8,5,1,5,5,9.6,2.82,3.78,17,2,P75,H
2114,34,Female,Diploma,0,QA,L2,10,8,7.2,0.67,2,3.5,0.97,109,0.75,85,1,3,1,8,9.6,3.56,4.23,19,1,P75,M
2115,29,Other,Masters,4,Product,L2,3,5,1.5,0.89,16,3.11,1.04,67,0.65,34,1,4,4,8,9.6,3.47,3.02,3,0,P90,M
2116,43,Other,Diploma,20,HR,L1,4,10,6,0.63,12,2.72,0.52,164,0.63,9,5,0,11,3,9.6,2.9,2.75,19,0,P50,M
2117,37,Other,Masters,16,HR,L4,11,6,4.6,0.68,7,3.07,1.09,155,0.99,80,5,3,1,5,9.6,3.44,3.16,3,0,P75,M
2118,40,Male,Masters,12,Product,L2,4,7,0.7,0.76,6,4.5,0.84,29,0.89,109,3,4,1,7,9.6,3.69,3.52,14,0,P90,M
2119,50,Male,Masters,14,QA,L1,1,2,9.9,0.93,34,4.4,1.22,26,0.78,77,5,0,2,6,9.6,3.67,3.24,23,0,P25,M
2120,38,Male,Diploma,0,Product,L2,8,7,2.4,0.7,8,3.6,1.14,57,0.76,74,2,1,0,0,9.6,2.55,3.04,24,2,P90,M
2121,27,Other,Diploma,29,QA,L5,10,10,5.7,0.93,33,4.7,1.23,107,0.8,41,2,0,5,9,9.6,4.99,4.27,23,2,P50,H
2122,35,Male,PhD,10,QA,L5,14,9,3.6,0.83,22,2.9,0.4,114,0.51,56,3,1,4,7,9.6,2.92,4.4,8,0,P25,M
2123,54,Female,Masters,27,QA,L5,1,10,4.9,0.88,8,4.34,0.12,119,0.54,37,3,3,3,3,9.6,3.42,4.75,0,1,P75,H
2124,45,Other,PhD,17,Sales,L3,7,6,9.9,0.72,34,4.41,0,103,0.82,42,5,2,9,7,9.6,4.79,3.23,23,1,P25,M
2125,53,Male,Diploma,18,Engineering,L1,12,5,7.7,0.99,24,2.67,0.5,149,0.84,10,0,2,4,8,9.6,4.88,4.31,22,1,P90,H
2126,49,Female,Masters,20,QA,L1,8,7,2.4,0.86,8,4.66,0.62,23,0.94,56,4,0,3,2,9.6,3.36,2.7,5,2,P75,M
2127,36,Male,PhD,23,QA,L5,3,8,7,0.63,3,4.44,0.4,42,0.81,39,5,3,1,1,9.6,3.1,3.02,16,0,P75,M
2128,54,Other,PhD,27,HR,L2,6,10,4.6,0.92,13,3.66,0.24,56,0.87,103,2,3,8,2,9.6,3.42,2.85,20,2,P50,M
2129,53,Female,PhD,23,Engineering,L3,14,8,2.4,0.79,23,3.74,0.64,48,0.78,19,2,2,1,7,9.6,3.11,3.09,13,2,P25,M
2130,40,Female,Masters,10,Sales,L3,8,6,5.6,0.93,37,3.96,0.46,196,0.7,2,4,0,11,3,9.6,4.65,4.26,20,1,P75,H
2131,31,Male,Diploma,24,Finance,L5,5,11,2.3,0.88,2,3.7,0.05,65,0.73,115,1,3,11,7,9.6,2.71,2.94,6,0,P25,M
2132,31,Other,PhD,23,Engineering,L1,5,8,8.1,0.99,30,2.64,1.26,62,0.98,117,1,2,6,0,9.6,4.4,4.36,16,1,P90,M
2133,35,Female,Diploma,17,Engineering,L5,2,2,2.9,0.96,10,3.58,0.78,170,0.97,115,3,2,0,7,9.6,3.75,3.7,16,0,P25,H
2134,43,Other,Bachelors,8,QA,L3,6,2,1,0.87,19,4.66,0.26,126,0.94,20,4,3,14,2,9.6,4.81,4.33,11,2,P90,H
2135,23,Male,Masters,21,Engineering,L5,13,9,8.6,0.91,0,3.84,0.5,51,0.79,99,1,2,12,6,9.6,4.39,3.78,12,2,P25,M
2136,53,Male,Masters,6,HR,L4,9,8,1.7,0.62,14,3.11,0.86,73,0.61,97,1,2,9,7,9.6,3.62,3.51,12,0,P90,M
2137,36,Male,Diploma,8,Engineering,L3,5,10,7.1,0.92,34,4.77,0.15,108,0.54,84,2,2,14,8,9.6,2.52,4.88,21,0,P50,H
2138,38,Male,Bachelors,10,Product,L4,3,7,8.7,0.89,24,3.57,0.78,167,0.95,59,2,3,7,0,9.6,4.85,4.35,21,1,P25,H
2139,47,Female,Diploma,3,Engineering,L1,7,5,7.3,0.98,1,2.96,1.1,184,0.55,73,3,0,5,2,9.6,4.33,4.54,9,1,P25,H
2140,43,Male,Masters,25,Sales,L5,5,5,9.5,0.9,21,3.99,0.25,38,0.68,102,2,2,4,4,9.6,3.62,3.75,13,0,P50,M
2141,41,Other,PhD,23,Finance,L3,10,5,2.7,0.85,29,2.94,0.76,156,0.91,31,4,1,9,4,9.6,2.81,2.63,8,1,P90,H
2142,40,Other,PhD,2,QA,L4,9,2,3.7,0.91,4,4.06,1.34,22,0.6,65,3,1,4,0,9.6,3.64,3.92,20,1,P50,M
2143,22,Female,Bachelors,22,HR,L4,11,2,6.4,0.84,3,4.19,1.06,21,0.9,57,4,2,14,5,9.6,4.1,3.9,21,1,P90,M
2144,35,Male,Masters,0,HR,L5,6,7,1.2,0.79,15,2.98,0.67,174,0.62,76,0,0,11,3,9.6,2.85,4.68,5,2,P50,H
2145,32,Female,Diploma,17,Sales,L2,5,3,9.9,0.99,1,3.29,0.04,71,0.89,29,1,3,2,2,9.6,3.59,4.17,15,0,P50,M
2146,49,Male,Diploma,5,Sales,L4,1,1,6.6,0.8,37,3.97,1.4,59,0.86,53,0,4,2,1,9.6,3.2,2.54,1,1,P90,M
2147,50,Other,PhD,6,Sales,L1,10,6,6.8,0.64,7,3.05,1.47,78,0.64,63,5,3,3,3,9.6,3.28,3.17,0,0,P25,M
2148,30,Female,Masters,4,Product,L3,8,9,5.8,0.62,7,4.55,1.18,43,0.67,49,1,3,10,2,9.6,3.63,4.39,9,0,P90,M
2149,47,Male,PhD,21,Sales,L2,12,2,5,0.75,0,4.33,0.34,118,0.68,32,4,1,12,6,9.6,4.14,3.77,1,0,P90,H
2150,50,Female,PhD,1,Product,L4,6,3,1.9,0.78,17,2.94,0.87,135,0.79,80,0,0,14,8,9.6,4.32,4.27,7,2,P75,H
2151,29,Female,Diploma,23,Sales,L4,12,11,1.1,0.82,37,3.97,1.21,137,0.95,66,2,2,5,7,9.6,4.57,3.85,17,0,P75,H
2152,37,Male,PhD,5,Product,L1,10,6,2.5,0.63,11,3.93,0.8,184,0.77,20,0,4,14,7,9.6,3.87,3.47,11,2,P50,H
2153,22,Female,Bachelors,19,HR,L3,10,8,0.3,0.82,38,3.43,1.46,64,0.71,98,5,2,2,2,9.6,4.43,4.64,4,1,P25,H
2154,40,Female,Diploma,8,HR,L4,4,11,6.2,0.98,22,4.14,0.89,93,0.7,59,1,1,1,5,9.6,4.54,3.08,12,0,P25,H
2155,22,Female,Bachelors,2,Engineering,L3,11,2,1.8,0.9,16,3.57,0.01,181,0.59,59,3,2,3,6,9.6,3.95,2.53,24,2,P90,H
2156,31,Other,Diploma,26,Finance,L3,8,1,9.2,0.88,13,3.61,0.45,26,0.83,50,2,1,6,3,9.6,4.75,2.67,21,0,P90,M
2157,27,Other,Masters,29,Engineering,L3,11,11,1.1,0.81,37,3.49,1.49,156,0.75,32,2,4,4,7,9.6,4.75,2.76,13,0,P75,H
2158,43,Female,Diploma,5,Finance,L5,14,6,3.2,0.95,30,3.93,1.47,99,0.95,36,0,1,8,8,9.6,4.2,3.89,19,0,P50,H
2159,38,Other,PhD,22,Finance,L5,8,8,8.6,0.64,4,2.5,1.38,100,0.76,25,5,1,0,5,9.6,4.49,3.66,1,2,P90,M
2160,33,Female,Bachelors,11,QA,L2,6,11,6.2,0.91,36,4,0.31,105,0.98,112,1,0,12,6,9.6,3.41,3.12,8,1,P90,H
2161,54,Female,Bachelors,29,QA,L2,6,10,4.1,0.89,3,2.8,0.38,96,0.72,24,0,2,1,7,9.6,3.83,2.66,4,1,P90,M
2162,27,Female,Masters,15,Sales,L1,1,1,7.3,0.75,2,3.07,0.91,74,0.76,40,2,3,12,0,9.6,3.52,4.24,19,2,P50,M
2163,50,Other,Masters,6,Product,L4,9,4,4,0.8,12,4.53,0.05,54,0.59,119,2,2,14,7,9.6,3.67,4.51,6,1,P25,M
2164,51,Female,Masters,1,HR,L5,1,6,1.6,0.66,0,3.07,1.34,133,0.89,88,5,1,4,2,9.6,4.33,4.32,19,1,P25,H
2165,53,Female,Diploma,14,Finance,L5,11,4,9.8,0.6,35,4.05,0.73,195,0.51,3,4,4,12,5,9.6,3.05,4.03,13,2,P50,M
2166,29,Other,PhD,20,Product,L2,11,8,8.7,0.73,34,3.13,1.1,142,0.59,102,2,3,7,5,9.6,3.34,4.59,7,2,P90,M
2167,50,Other,Bachelors,3,Finance,L4,14,1,7.4,0.74,8,4.99,0.92,89,0.66,90,4,1,1,1,9.6,2.65,3.36,9,0,P75,M
2168,36,Other,Bachelors,24,HR,L5,12,3,2.8,0.81,12,4.95,0.54,127,0.92,29,5,4,5,1,9.6,3.96,2.93,10,0,P50,H
2169,35,Other,PhD,4,QA,L4,4,6,5.1,0.74,4,3.33,1.35,76,0.81,96,0,0,14,9,9.6,4.77,4.54,15,1,P75,M
2170,41,Male,Diploma,29,Engineering,L4,11,2,0.9,0.96,12,4.78,0.37,116,0.65,38,2,3,8,4,9.6,3.67,3.91,9,2,P90,H
2171,35,Female,Masters,6,QA,L4,13,5,0.4,0.66,9,4.78,0.77,114,0.96,93,3,2,9,8,9.6,4.49,3.19,23,1,P25,H
2172,46,Other,PhD,23,Product,L1,1,9,9.5,0.93,37,3.01,0.63,121,0.92,77,1,2,9,9,9.6,3.52,4.78,0,0,P50,M
2173,25,Male,PhD,15,Finance,L4,5,2,4.2,0.82,7,3.44,1.08,169,0.52,66,3,0,5,2,9.6,4.88,3.37,21,0,P50,H
2174,29,Male,Masters,16,Product,L1,11,11,2.2,0.69,15,2.97,1.06,144,0.62,82,2,0,7,6,9.6,4.15,4.92,1,0,P50,H
2175,54,Female,Bachelors,29,Engineering,L5,3,2,7.9,0.95,22,3.07,0.68,65,0.85,111,2,2,7,2,9.6,3.91,4.37,18,2,P90,M
2176,33,Female,Masters,4,Product,L4,1,11,5.3,0.82,22,3.82,0.5,124,0.94,97,4,3,6,7,9.6,3.77,3.31,13,1,P50,H
2177,49,Male,Masters,7,Sales,L3,13,8,6.6,0.64,32,3.76,0.31,61,0.87,89,2,2,2,4,9.6,3.98,4.89,9,2,P90,M
2178,26,Male,Bachelors,15,Finance,L4,7,8,1.1,0.95,13,3.63,0.07,134,0.94,119,5,3,12,4,9.6,4.45,2.52,16,2,P90,H
2179,53,Male,Masters,6,Product,L5,6,4,4.5,0.71,38,3,0.66,104,0.56,109,4,0,5,9,9.6,4.86,3.27,24,1,P25,M
2180,52,Other,Masters,13,Product,L1,2,11,4.1,0.83,20,3.83,0,168,0.5,12,3,0,11,5,9.6,3.46,4.65,15,1,P50,H
2181,36,Other,Bachelors,11,QA,L4,7,5,2.9,0.87,34,4.87,0.53,132,0.72,113,5,0,7,9,9.6,3.01,3.11,22,2,P75,H
2182,34,Male,Bachelors,6,Finance,L4,5,2,1.8,0.9,0,3.4,1.45,197,0.53,25,5,3,5,7,9.6,4.4,4.26,9,1,P90,H
2183,38,Other,PhD,28,Product,L1,8,4,8.7,0.89,21,4.22,0.98,123,0.83,90,0,2,10,1,9.6,2.55,4.39,3,0,P25,M
2184,48,Female,Masters,11,Engineering,L4,4,9,7.4,0.93,31,3.08,0.62,100,0.96,43,0,0,7,7,9.6,2.73,3.44,12,0,P90,M
2185,54,Male,PhD,5,Engineering,L5,5,6,5.6,0.91,35,4.38,1.42,100,0.71,105,2,4,3,5,9.6,4.55,3.03,6,2,P75,H
2186,30,Male,PhD,16,Sales,L3,7,3,2.7,0.68,9,3.94,1.49,68,0.79,102,0,1,10,8,9.6,2.97,3.49,21,2,P90,M
2187,52,Female,Masters,24,Product,L2,9,8,6.3,0.82,15,4.79,1.16,174,0.69,4,0,4,12,2,9.6,2.94,2.81,5,1,P25,H
2188,37,Other,Masters,29,QA,L2,14,1,4.1,0.8,31,2.69,0.46,43,0.58,96,5,1,4,1,9.6,4.31,3.79,23,2,P25,M
2189,44,Other,PhD,10,QA,L4,7,10,0,0.65,32,4.14,1.33,96,0.56,16,2,0,1,8,9.6,2.68,4.88,7,0,P25,M
2190,34,Male,PhD,29,Product,L3,9,2,6.2,0.77,7,3.55,1.19,124,0.86,24,3,0,1,5,9.6,3.76,4.71,3,2,P25,M
2191,26,Female,Masters,29,QA,L5,2,4,6.7,0.91,31,3.42,0.97,22,0.95,32,1,3,3,0,9.6,2.84,3.99,21,0,P75,M
2192,42,Male,Masters,19,Engineering,L4,14,8,9.6,0.78,4,3.33,0.7,152,0.68,18,5,1,11,2,9.6,3.16,4.11,7,1,P25,M
2193,40,Other,PhD,18,Finance,L5,4,6,8.3,0.76,22,4.76,0.4,159,0.57,26,4,4,13,3,9.6,4.5,3.97,4,2,P75,H
2194,43,Other,Diploma,10,QA,L2,10,3,0.8,0.79,23,3.13,0.45,108,0.91,55,0,0,2,1,9.6,2.57,4.3,5,0,P50,M
2195,44,Male,PhD,4,QA,L1,8,3,3.2,0.83,8,4.08,0.78,78,0.63,49,3,0,6,0,9.6,3.33,3.05,15,0,P50,M
2196,40,Other,Diploma,17,Sales,L5,11,3,0.4,0.91,14,2.57,0.76,61,0.88,65,1,0,1,4,9.6,4.45,3.21,6,0,P75,H
2197,27,Female,Diploma,20,Sales,L1,3,7,0.7,0.94,31,4.91,0.68,188,0.83,37,1,0,2,3,9.6,4.74,2.8,12,2,P75,H
2198,27,Male,Masters,22,HR,L1,11,9,4.7,0.72,3,4.51,1.19,83,0.66,77,4,0,10,9,9.6,2.55,3.68,10,1,P75,M
2199,27,Female,Diploma,25,Engineering,L2,14,2,2.1,0.71,21,4.22,0.37,66,0.76,63,0,3,4,2,9.6,4.51,2.86,3,2,P75,H
2200,28,Male,Masters,24,Engineering,L3,9,6,0.6,0.73,37,3.8,0.18,37,0.68,0,5,1,4,6,9.6,4.2,3.58,24,0,P90,M
2201,53,Female,PhD,10,Finance,L3,7,6,6.3,0.95,29,3.4,0.26,156,0.56,44,4,0,13,0,9.6,4.49,4.16,8,1,P50,H
2202,51,Female,PhD,22,QA,L4,3,4,9.2,0.96,0,3.59,0.93,54,0.61,52,2,0,4,7,9.6,3.57,3.65,13,2,P75,M
2203,38,Male,PhD,16,Finance,L4,10,5,8.3,0.74,16,4.15,0.05,199,0.79,0,2,3,12,3,9.6,2.97,4.73,5,0,P50,H
2204,26,Other,Bachelors,16,Engineering,L5,2,4,0.5,0.93,17,3.77,0.47,49,0.89,20,2,2,3,9,9.6,2.59,2.84,9,2,P25,M
2205,35,Male,PhD,2,Engineering,L5,4,4,3,0.82,11,4.73,0.26,88,0.55,5,3,4,0,4,9.6,3.2,3.5,17,2,P25,H
2206,24,Other,Diploma,16,Finance,L5,1,5,0.4,0.98,14,3.31,0.04,101,0.6,57,3,0,11,4,9.6,4.57,4.94,20,1,P50,H
2207,34,Other,Bachelors,12,Finance,L5,6,11,4.2,0.83,26,4.66,1.42,183,0.51,38,4,0,11,8,9.6,4.36,2.84,23,1,P75,H
2208,46,Other,Diploma,3,QA,L4,1,3,9.4,0.96,19,3.25,0.55,175,0.99,12,0,4,7,6,9.6,4.66,3.91,9,0,P90,H
2209,49,Male,Diploma,18,Finance,L5,5,9,1.9,0.82,27,2.86,1.35,59,0.55,88,4,4,7,9,9.6,3,3.86,7,0,P90,M
2210,38,Other,Masters,26,HR,L4,11,11,7.3,0.74,23,2.82,0.72,140,0.69,96,1,4,7,4,9.6,2.89,4.81,3,0,P25,M
2211,27,Female,PhD,28,Finance,L5,13,10,5,0.94,39,3.16,1.46,96,0.53,83,5,0,6,3,9.6,4.1,4.67,22,2,P75,H
2212,51,Male,PhD,29,QA,L2,6,5,5.2,0.73,17,4.79,0.21,31,0.75,85,2,0,14,3,9.6,3.09,4.04,17,0,P90,M
2213,31,Female,Bachelors,20,Sales,L5,1,10,8.3,0.92,20,4.5,0.56,36,0.82,1,5,4,10,0,9.6,4.47,4.97,2,0,P50,M
2214,36,Male,PhD,5,Finance,L5,8,10,3.1,0.81,23,4.34,0.37,199,0.76,29,3,1,1,1,9.6,3.34,2.8,4,2,P90,H
2215,28,Male,Masters,25,Sales,L4,10,3,3.3,0.73,22,3.27,1.12,111,0.84,115,2,3,6,4,9.6,3.95,4.25,14,0,P75,M
2216,24,Male,Diploma,3,Finance,L4,10,5,7.4,0.79,10,3.04,0.36,36,0.61,49,1,3,13,3,9.6,4.78,4.34,2,1,P75,M
2217,44,Male,Bachelors,22,QA,L4,12,2,1.4,0.96,4,3.4,0.84,153,0.96,56,3,2,3,0,9.6,3.97,3.54,7,2,P25,H
2218,31,Other,Bachelors,8,Finance,L1,9,10,1.1,0.72,28,4.17,0.28,150,0.88,30,0,1,6,1,9.6,4.47,4.75,5,1,P90,H
2219,37,Female,Diploma,1,Product,L3,10,7,4.1,0.63,30,2.91,0.1,193,0.59,13,1,1,5,7,9.6,2.9,2.98,22,2,P90,M
2220,42,Other,PhD,9,Product,L4,4,10,3.9,0.96,7,3.82,1.33,110,0.73,95,0,0,4,7,9.6,3.16,2.53,20,2,P25,H
2221,54,Other,Bachelors,14,Sales,L2,11,5,3,0.65,1,3.42,1.16,72,0.51,99,0,0,12,7,9.6,4.11,2.54,22,2,P50,M
2222,43,Female,Masters,28,HR,L5,7,10,2.5,0.69,21,4.4,1.19,124,0.91,87,0,1,13,3,9.6,3.09,3.27,4,2,P90,H
2223,28,Male,Diploma,28,HR,L3,5,10,8.8,0.79,33,4.11,1.5,124,0.95,115,5,3,4,2,9.6,2.64,4.53,18,2,P75,M
2224,42,Other,Masters,4,Finance,L3,8,10,4.1,0.91,4,2.87,1.28,92,0.76,112,3,3,8,4,9.6,3.89,4.49,22,2,P90,M
2225,22,Other,PhD,3,Engineering,L2,11,10,3.1,0.99,16,3.27,0.1,186,0.68,107,2,3,2,6,9.6,4.13,3.83,8,2,P90,H
2226,42,Female,Bachelors,24,Product,L3,5,6,7.9,0.67,23,4.52,0.42,78,0.9,97,3,1,1,0,9.6,3.98,3.46,1,2,P50,M
2227,43,Male,Bachelors,16,Product,L1,6,11,8.5,0.69,36,4.72,0.62,31,0.68,98,4,2,11,7,9.6,3.75,4.71,11,0,P75,M
2228,24,Female,Bachelors,27,QA,L2,14,10,7,1,9,3.78,1.42,78,0.52,115,4,4,7,7,9.6,2.5,4.82,19,2,P90,M
2229,33,Other,PhD,4,Product,L2,10,8,9.6,0.83,17,4.57,0.03,165,0.83,44,0,1,6,1,9.6,3.68,4.07,6,0,P25,H
2230,33,Other,Masters,25,Engineering,L5,4,7,1.2,0.94,37,3.03,1.11,174,0.7,44,0,3,1,7,9.6,4.39,4.82,18,0,P25,H
2231,30,Other,Masters,17,Product,L2,3,3,4.5,0.75,29,3.52,0.1,35,1,21,1,3,4,0,9.6,4.88,3.62,19,2,P50,M
2232,29,Other,PhD,7,Sales,L2,7,4,8.1,0.72,17,4.11,0.26,180,0.76,23,0,4,2,1,9.6,2.5,4.07,11,0,P25,M
2233,29,Female,Diploma,26,Finance,L5,7,6,9.7,0.95,33,2.57,0.37,83,0.56,20,1,3,14,5,9.6,4.68,3.41,17,0,P90,M
2234,43,Male,PhD,9,HR,L3,14,8,2,0.68,28,3.82,0.67,82,0.89,6,0,3,10,8,9.6,4,4.15,3,2,P75,M
2235,41,Male,PhD,26,HR,L5,3,10,7.4,0.71,12,4.63,1.36,35,0.98,60,4,1,9,6,9.6,4.8,4.75,23,2,P25,M
2236,44,Female,Bachelors,29,Sales,L1,7,8,2.1,0.75,35,3.03,1.29,58,0.56,44,3,4,6,9,9.6,3.78,3.85,8,1,P90,M
2237,39,Male,Bachelors,18,Sales,L5,2,7,4,0.73,12,2.53,0.47,160,0.66,109,4,4,10,8,9.6,3.7,3.62,3,0,P90,M
2238,30,Male,Bachelors,10,HR,L5,4,8,7.5,0.67,24,4.12,1.48,91,0.74,39,1,0,10,5,9.6,4.97,4.3,4,2,P90,M
2239,37,Other,Masters,20,Engineering,L5,5,6,7.7,0.72,36,4.15,0.09,129,0.85,4,5,4,7,7,9.6,4.32,3.2,1,2,P90,H
2240,32,Male,Bachelors,19,Product,L2,7,6,0.6,0.67,9,3.11,0.09,144,0.85,18,0,3,0,9,9.6,4.08,3.95,8,1,P50,H
2241,40,Female,Bachelors,4,Sales,L2,12,4,2.6,0.81,10,3.32,0.72,99,0.81,80,0,0,7,2,9.6,2.76,3.93,13,0,P90,M
2242,49,Male,Diploma,5,QA,L3,9,11,9.6,0.88,8,3.36,0.51,28,0.93,23,2,4,13,9,9.6,3.19,3.14,18,1,P25,M
2243,39,Female,Diploma,28,Sales,L4,6,4,5.7,0.81,0,2.71,1.3,68,0.87,77,5,4,6,3,9.6,2.75,2.71,5,1,P25,M
2244,48,Female,Masters,9,Product,L1,14,10,5.8,0.63,22,4.36,0.04,162,0.51,104,0,0,2,4,9.6,3.73,3.11,8,2,P90,H
2245,22,Other,Diploma,15,Product,L2,3,4,2.6,0.84,39,3.04,1.33,190,0.98,13,0,3,1,7,9.6,2.97,2.62,20,2,P90,H
2246,30,Male,Masters,28,QA,L5,8,11,4.5,0.89,24,4.43,0.42,177,0.91,67,0,4,0,4,9.6,2.85,2.83,8,1,P50,H
2247,35,Other,PhD,15,HR,L2,10,5,2.7,0.67,33,4.13,1.19,157,0.84,28,3,2,10,1,9.6,2.88,4.01,10,0,P25,H
2248,46,Female,Diploma,14,Engineering,L4,10,4,1.4,0.79,15,2.76,0.02,88,0.89,114,3,0,8,5,9.6,3.48,2.66,7,2,P75,M
2249,34,Female,Diploma,24,QA,L1,2,5,2.8,0.99,30,4.37,1.37,41,0.91,106,0,2,14,7,9.6,3.68,4.55,13,1,P90,H
2250,25,Female,Diploma,29,QA,L4,8,11,5.6,0.93,37,2.86,1.24,116,0.52,95,5,3,3,1,9.6,3.56,2.82,19,1,P50,M
2251,54,Other,Diploma,25,Engineering,L2,1,7,5.2,0.78,11,4.15,0.87,124,0.82,82,3,2,10,8,9.6,3.07,2.7,15,0,P75,M
2252,48,Male,Bachelors,1,Sales,L3,4,11,5.2,0.7,6,2.69,1.25,168,0.57,73,0,1,10,9,9.6,3.21,2.58,15,1,P90,M
2253,39,Other,PhD,26,HR,L1,8,2,3.4,0.66,39,3.95,1.2,82,0.63,8,1,2,0,1,9.6,4.36,3.26,22,2,P90,M
2254,33,Male,Bachelors,19,HR,L1,3,7,4.4,0.62,21,3.61,1.28,64,0.91,100,5,3,2,4,9.6,3.35,3.93,4,2,P90,M
2255,23,Male,Bachelors,9,Sales,L4,11,8,8.7,0.69,17,3.81,1.03,33,0.77,70,4,2,10,7,9.6,3.91,3.65,3,2,P25,M
2256,31,Other,PhD,14,Product,L1,6,5,9.2,0.8,15,4.37,1.45,58,0.65,101,2,3,7,2,9.6,3.77,4.3,19,2,P75,M
2257,49,Female,Bachelors,0,QA,L5,9,6,9,0.8,0,4.35,0.87,116,0.6,72,4,0,9,6,9.6,4.12,4.8,19,2,P75,H
2258,41,Male,Diploma,17,Sales,L2,9,9,2.4,0.67,7,2.61,1.05,74,0.74,91,1,4,12,4,9.6,4.03,4.32,1,1,P50,M
2259,42,Other,Bachelors,18,HR,L4,10,7,6.3,0.78,12,2.91,0.71,74,0.55,76,1,3,1,3,9.6,2.99,3.17,18,0,P25,M
2260,24,Male,Bachelors,3,Engineering,L2,4,5,7.7,0.78,33,4.96,1.48,93,0.69,93,2,4,7,2,9.6,2.81,2.59,6,0,P75,M
2261,30,Female,PhD,0,Sales,L1,1,5,3.3,0.92,27,3.6,0.03,100,0.93,47,3,0,12,8,9.6,4.04,4.17,4,2,P75,H
2262,42,Male,Diploma,24,Product,L2,4,4,4.8,0.97,30,4.55,1.11,129,0.69,95,0,0,1,1,9.6,3.8,2.68,24,2,P25,H
2263,32,Other,Masters,21,Sales,L4,3,11,8.6,0.98,12,3.88,0.36,26,0.76,109,3,2,4,5,9.6,3.83,3.83,13,2,P75,M
2264,54,Other,Diploma,3,HR,L4,11,2,7,0.79,13,4.43,1.01,34,0.97,91,0,2,11,4,9.6,3.85,3.41,18,2,P50,M
2265,24,Male,PhD,17,Sales,L2,11,3,7.3,0.94,30,2.68,0.26,160,0.68,69,5,1,3,8,9.6,2.8,4.07,23,0,P50,M
2266,44,Male,PhD,0,Sales,L5,5,5,0.8,0.85,17,3.75,0.51,90,0.64,5,0,3,10,1,9.6,4.57,4.56,17,1,P25,H
2267,25,Other,Diploma,25,QA,L4,10,6,0.5,0.64,8,4.38,1.03,75,0.71,71,2,1,14,9,9.6,4.88,3.82,1,2,P25,H
2268,50,Female,Masters,24,Product,L3,7,4,6.9,0.63,13,3.54,0.61,192,0.69,28,5,1,7,8,9.6,4.17,4.02,13,0,P75,H
2269,37,Female,Bachelors,15,Product,L4,7,3,5.7,0.84,21,4.29,1,34,0.98,119,3,4,0,9,9.6,4.44,4.47,13,2,P75,M
2270,31,Female,Bachelors,24,HR,L1,9,1,1.7,0.87,37,4.58,0.97,107,0.51,26,5,1,4,6,9.6,3.81,3.32,5,2,P75,H
2271,34,Other,Diploma,2,Engineering,L1,8,11,0,0.86,28,4.54,0.17,190,0.58,10,5,4,9,8,9.6,3.8,4.08,14,1,P50,H
2272,44,Female,Bachelors,10,QA,L1,10,2,2.4,0.79,4,3.01,1.04,32,0.89,5,1,0,9,0,9.6,3.28,2.68,17,0,P75,M
2273,27,Male,Diploma,23,Engineering,L2,1,7,6.2,0.84,4,4.77,0.42,119,0.5,52,1,0,6,6,9.6,4.54,3.29,10,1,P25,H
2274,37,Other,Diploma,2,HR,L2,5,1,3.6,0.87,29,3.96,0.64,43,0.72,31,2,4,7,3,9.6,2.53,3.69,21,2,P75,M
2275,25,Male,PhD,20,QA,L1,5,4,6.5,0.88,0,2.96,0.77,36,0.85,113,3,2,14,9,9.6,3.83,4.9,1,1,P50,M
2276,44,Female,Bachelors,23,Sales,L4,13,1,1.5,0.66,32,4.48,0.57,197,0.53,34,4,1,6,8,9.6,4.69,2.92,14,0,P50,H
2277,36,Other,Bachelors,20,Finance,L3,14,9,6.5,0.79,30,3.14,0.4,80,0.66,16,4,4,9,7,9.6,4.83,4.37,12,2,P90,M
2278,41,Female,PhD,3,Product,L4,4,10,1.1,0.73,2,3.33,0.24,103,0.64,55,1,4,8,7,9.6,4.17,4.43,18,0,P90,H
2279,45,Female,Bachelors,12,Finance,L2,6,7,9,0.79,34,3.54,0.94,55,0.76,18,2,3,14,8,9.6,3.97,3.68,21,1,P50,M
2280,27,Female,Diploma,13,Finance,L3,13,9,2.6,0.76,13,3.76,1.13,129,0.81,38,4,3,10,6,9.6,4.98,2.87,5,0,P25,H
2281,46,Other,Bachelors,26,Sales,L2,1,11,0,0.63,21,2.93,0.29,199,0.88,66,3,1,9,3,9.6,2.66,2.98,3,0,P75,H
2282,33,Male,Bachelors,0,HR,L3,13,4,8,0.92,6,4.63,0.91,168,0.55,62,1,3,9,1,9.6,3.13,3.26,10,1,P90,H
2283,48,Other,Diploma,15,Sales,L3,4,9,3.2,0.81,32,4.55,0.2,85,0.62,91,4,3,9,1,9.6,3.63,4.05,20,0,P75,H
2284,38,Female,Bachelors,11,Engineering,L5,6,1,4.1,0.95,6,3.26,0.97,91,0.88,13,3,0,1,0,9.6,3.62,2.5,5,1,P50,H
2285,41,Other,Masters,1,QA,L5,4,6,1.4,0.62,10,4.93,0.45,144,0.94,35,5,3,7,5,9.6,4.63,4.46,5,2,P25,H
2286,32,Male,PhD,0,QA,L1,5,1,2,0.64,22,2.65,0.54,49,0.66,0,4,1,2,3,9.6,4.13,3.1,6,0,P90,M
2287,26,Male,PhD,1,Finance,L2,10,11,4,0.65,36,2.81,1.01,179,0.53,0,4,3,4,7,9.6,2.92,4.11,14,2,P25,M
2288,25,Male,PhD,22,HR,L4,6,1,2.9,0.95,26,4.42,0.7,36,0.57,8,1,3,2,6,9.6,3.98,4.43,21,1,P25,H
2289,26,Other,Masters,29,Product,L4,14,2,5.1,0.8,39,3.11,0.67,114,0.9,89,1,2,14,2,9.6,4.58,2.9,14,1,P75,H
2290,29,Other,Masters,1,QA,L2,2,8,2.7,0.9,0,3.02,0.46,68,0.57,50,2,2,12,7,9.6,2.62,4.68,22,0,P75,M
2291,24,Male,Bachelors,21,QA,L4,13,8,4.4,0.63,11,2.56,1.22,71,0.61,107,5,1,6,8,9.6,2.69,3.88,22,2,P50,M
2292,32,Male,Bachelors,9,Finance,L2,14,5,0.3,0.9,30,3.32,0.46,134,0.6,49,3,1,1,5,9.6,3.87,4.92,9,0,P50,H
2293,30,Male,Bachelors,4,Engineering,L1,6,5,5,0.63,16,2.69,0.97,137,0.71,109,4,3,6,2,9.6,3.73,4.96,8,0,P25,M
2294,51,Male,PhD,14,Engineering,L4,6,8,6,0.96,38,4.09,0.09,194,0.82,20,3,2,2,2,9.6,4.71,4.08,6,1,P90,H
2295,26,Other,Masters,8,Sales,L2,1,7,9,0.8,34,2.52,1.37,28,0.57,43,4,0,1,7,9.6,2.68,3.07,22,0,P50,L
2296,22,Other,Bachelors,28,QA,L5,11,11,7.2,0.98,34,3.59,1.45,47,0.74,103,5,0,8,1,9.6,2.9,5,7,1,P25,M
2297,45,Other,Diploma,19,Finance,L3,7,6,0.8,0.85,36,4.71,0.27,108,0.96,38,1,0,6,1,9.6,2.6,4.53,8,0,P90,H
2298,42,Other,Masters,3,Engineering,L1,5,11,3.6,0.84,36,3.91,0.66,52,0.75,19,5,0,0,7,9.6,3.53,4.95,9,2,P75,M
2299,51,Male,Masters,9,Finance,L5,7,4,7.6,0.67,8,3.32,0.16,169,0.74,6,1,0,2,6,9.6,4.99,4.08,0,2,P50,H
2300,53,Female,Bachelors,26,HR,L3,2,4,7.2,0.85,30,2.77,0.62,161,0.87,66,0,4,5,1,9.6,2.65,3.79,3,1,P90,M
2301,44,Female,PhD,23,Product,L5,11,9,0.5,0.9,22,4.89,1.3,183,0.78,111,5,2,10,6,9.6,3.4,4.86,20,2,P25,H
2302,52,Female,Diploma,23,Engineering,L2,8,4,0.3,0.84,23,2.55,0.89,48,0.72,62,0,1,0,8,9.6,2.59,4.33,6,2,P90,M
2303,22,Other,Diploma,11,Engineering,L5,10,11,5,0.88,27,3.75,0.21,197,0.92,3,4,1,6,6,9.6,3.34,3.03,16,0,P90,H
2304,42,Male,Masters,1,Product,L5,2,6,4.5,0.95,13,3.42,1.45,22,0.57,47,5,3,3,6,9.6,4.32,4.08,20,2,P25,M
2305,37,Male,Bachelors,15,Finance,L3,13,9,1.4,0.88,33,4.42,0.84,141,0.6,116,2,3,8,1,9.6,2.82,3.97,18,0,P25,H
2306,42,Female,Diploma,23,Finance,L1,1,11,2.6,0.86,30,3.98,0.11,185,0.99,118,3,0,2,9,9.6,2.76,4.56,22,2,P50,H
2307,39,Other,Diploma,23,Engineering,L4,6,6,3.5,0.81,5,4.85,0.55,80,0.63,78,0,4,13,1,9.6,2.67,2.91,8,2,P90,M
2308,32,Male,Diploma,27,Engineering,L4,8,5,7.9,0.78,22,4.88,0.22,176,0.54,81,1,1,4,9,9.6,4.8,4.65,10,0,P75,H
2309,22,Female,Bachelors,14,Finance,L2,2,6,2.6,0.89,21,4.32,1.32,35,0.58,9,3,1,13,4,9.6,3.23,4.64,15,1,P25,M
2310,22,Other,Masters,13,QA,L5,1,3,8.1,0.93,0,3.69,0.59,44,0.97,32,2,1,12,3,9.6,4.94,2.79,4,2,P90,M
2311,50,Other,Bachelors,24,Engineering,L1,3,2,8.4,0.89,36,3.83,0.75,199,0.59,110,0,4,13,5,9.6,3.33,2.79,10,2,P90,H
2312,43,Other,Masters,10,Finance,L2,7,8,2.5,0.64,35,4.8,1.26,160,0.77,40,1,1,8,6,9.6,2.62,3.53,23,0,P75,H
2313,46,Male,Bachelors,27,QA,L1,12,9,8.5,0.7,38,4.34,0.85,111,0.87,5,5,0,2,6,9.6,4.93,3.32,7,2,P90,H
2314,44,Female,Masters,18,Product,L1,8,9,0.8,0.85,26,4.37,0.07,89,0.51,19,5,0,14,7,9.6,4.69,4.38,23,1,P75,H
2315,45,Female,Bachelors,27,QA,L5,3,8,3.8,0.83,34,4.85,0.11,29,0.64,4,0,4,7,4,9.6,3.51,2.66,3,2,P75,M
2316,50,Other,PhD,10,Finance,L2,2,3,1,0.97,39,3.43,0.26,166,0.87,46,0,2,2,1,9.6,3.81,3.84,24,2,P75,H
2317,33,Male,PhD,24,Sales,L4,7,9,3.2,0.99,22,4.58,1.01,95,0.64,110,5,1,14,4,9.6,2.96,3.13,2,0,P75,H
2318,33,Male,Diploma,20,Engineering,L4,6,6,2.8,0.96,12,4.38,0.93,104,0.68,44,3,4,4,2,9.6,2.51,4.6,10,0,P90,H
2319,44,Female,PhD,3,Engineering,L2,2,9,7.6,0.84,29,3.46,0.54,159,0.78,119,1,0,5,1,9.6,3.92,3.74,7,0,P25,H
2320,50,Female,Masters,20,Finance,L2,8,9,8.3,0.89,27,4.39,0.47,149,0.9,34,2,1,12,7,9.6,4.99,3.99,8,1,P75,H
2321,24,Other,Diploma,8,HR,L4,14,7,3.3,0.94,4,2.77,0.12,64,0.66,37,3,0,4,2,9.6,3.73,2.62,24,1,P90,M
2322,51,Female,Bachelors,7,QA,L4,1,7,3.4,0.66,20,2.54,0.1,143,0.58,105,4,0,3,7,9.6,2.77,4.77,21,2,P75,M
2323,30,Female,Diploma,26,Engineering,L1,6,8,9.6,0.73,20,4.68,0.95,98,0.51,9,2,4,10,4,9.6,4.62,3.51,16,0,P25,M
2324,48,Female,PhD,22,Product,L1,5,7,1.6,0.61,10,4.94,1.19,197,0.64,14,1,2,3,7,9.6,2.55,4.29,22,0,P25,H
2325,39,Male,Diploma,0,QA,L5,11,1,4.7,0.85,5,3.58,0.75,184,0.83,86,0,2,9,2,9.6,3.41,3.04,2,1,P25,H
2326,38,Male,Bachelors,21,Engineering,L5,1,6,5.9,0.97,34,3.47,1.03,94,0.96,2,1,3,8,6,9.6,2.77,3.76,19,1,P50,M
2327,29,Female,Masters,7,Finance,L2,11,8,6.6,0.6,7,3.07,0.67,37,0.75,57,1,1,12,2,9.6,4.5,4.5,17,1,P25,M
2328,26,Female,Bachelors,22,Product,L4,7,8,1.5,0.65,16,4.84,0.08,26,0.57,12,1,3,2,4,9.6,3.16,3.32,17,0,P75,M
2329,25,Male,PhD,13,Product,L4,2,9,3.2,0.68,25,3.15,0,135,0.81,3,2,2,1,4,9.6,3.28,3.3,7,1,P75,M
2330,45,Male,PhD,7,HR,L3,2,3,1.5,0.91,14,4.12,1.2,97,0.55,41,0,4,13,5,9.6,2.96,4.13,24,2,P50,H
2331,50,Other,Bachelors,26,Sales,L1,4,8,7.6,0.75,1,4.54,1.3,88,0.56,30,0,0,7,6,9.6,4.29,2.99,0,2,P75,M
2332,53,Other,Bachelors,27,Product,L2,9,3,7.3,0.68,39,3.63,1.48,93,0.57,112,1,3,7,7,9.6,2.78,3.99,19,1,P50,M
2333,43,Other,Bachelors,14,Finance,L1,7,4,8.2,0.75,0,4.89,0.46,51,0.96,113,4,0,5,4,9.6,4.62,3.91,17,0,P90,M
2334,22,Female,Bachelors,29,HR,L3,8,2,4.3,0.7,31,3.41,1.1,98,0.81,88,4,2,5,8,9.6,3.88,4.72,18,2,P75,M
2335,50,Other,Bachelors,24,Engineering,L1,14,8,0.2,0.7,27,4.44,1.11,81,0.5,117,2,4,11,0,9.6,2.88,3.24,16,0,P50,M
2336,29,Female,Masters,27,Sales,L4,5,3,9,0.83,30,3.04,1,105,0.97,99,4,4,10,0,9.6,4.33,2.94,16,2,P90,M
2337,48,Female,Bachelors,16,Product,L3,6,8,1.1,0.87,28,3.7,1.23,143,0.69,114,4,2,4,0,9.6,2.93,3.59,9,0,P90,H
2338,27,Other,Masters,17,Engineering,L3,7,3,2.2,0.7,38,4.25,1.43,40,0.58,37,0,1,8,2,9.6,3.02,3.92,20,1,P50,M
2339,34,Male,Diploma,29,HR,L4,12,2,0.3,0.82,4,3.13,0.3,40,0.84,18,1,2,13,5,9.6,3.88,2.82,12,1,P90,M
2340,23,Male,Diploma,29,HR,L1,4,3,4,0.61,18,4.58,1.09,24,0.76,81,4,0,1,4,9.6,4.75,3.49,12,1,P25,M
2341,43,Other,Diploma,21,Product,L3,4,7,6.9,0.99,16,4.85,0.62,157,0.81,41,0,4,13,9,9.6,4.59,3.23,9,1,P75,H
2342,47,Other,Diploma,11,QA,L1,13,11,9.3,0.64,29,3.22,1.24,190,0.72,54,2,1,13,5,9.6,4.24,3.41,19,2,P90,M
2343,47,Male,Bachelors,2,Engineering,L4,13,1,5.5,0.82,18,3.74,1.37,146,0.61,108,2,2,8,1,9.6,2.6,3.43,23,0,P90,M
2344,43,Female,Masters,23,Finance,L1,5,1,0.9,1,5,2.54,1.41,93,0.5,68,2,4,0,8,9.6,3.75,3.16,6,2,P75,H
2345,47,Female,Diploma,15,Finance,L4,12,4,8.8,0.73,35,3.51,1.14,118,0.83,112,5,3,13,7,9.6,4.02,3.38,6,0,P90,M
2346,26,Other,Diploma,6,QA,L4,1,7,1,0.71,24,3.99,1.38,131,0.74,88,4,3,13,9,9.6,4.9,4.56,24,2,P25,H
2347,51,Other,Diploma,5,QA,L3,12,6,2,0.9,21,2.9,0.18,143,0.71,52,1,0,7,9,9.6,2.82,4.18,14,2,P25,H
2348,44,Other,Diploma,9,Product,L1,5,3,2.2,0.79,37,4.94,0.14,179,0.81,55,0,3,8,0,9.6,3.96,3.92,8,1,P25,H
2349,54,Other,Bachelors,24,Product,L4,2,9,8.9,0.71,6,2.94,0.63,142,0.75,35,4,3,6,4,9.6,4.93,3.9,3,2,P50,M
2350,44,Other,Bachelors,10,HR,L2,11,8,4.1,0.83,28,3.76,1.08,66,0.96,90,0,0,4,1,9.6,3.82,3.85,6,1,P25,M
2351,32,Female,Bachelors,13,Finance,L1,8,8,8.4,0.93,12,2.52,1.21,118,0.87,28,5,2,3,2,9.6,3.74,4.05,2,0,P90,M
2352,35,Other,PhD,22,Finance,L4,10,7,5.6,0.87,19,3.25,1.26,171,0.96,34,0,2,14,7,9.6,3.13,3.6,1,2,P90,H
2353,38,Other,Diploma,1,QA,L2,2,2,4.8,0.7,16,4.51,0.2,45,0.62,87,1,1,9,8,9.6,3.87,3.19,16,2,P90,M
2354,26,Other,Bachelors,3,Sales,L5,12,1,7.9,0.87,10,3.52,1.03,115,0.81,3,4,1,7,0,9.6,4.1,3.5,8,0,P90,H
2355,45,Female,Diploma,5,Finance,L4,1,3,2.1,0.97,15,4.64,0.83,81,0.95,40,1,1,14,9,9.6,4.55,4.77,2,2,P75,H
2356,22,Other,PhD,4,Sales,L2,2,2,2.7,0.68,29,4.55,0.25,52,0.88,14,4,1,11,8,9.6,3.84,3.42,9,0,P90,M
2357,40,Female,Bachelors,11,Finance,L3,3,9,9.1,0.86,31,3.59,0.71,27,0.69,103,3,4,11,0,9.6,2.78,2.78,22,2,P75,M
2358,31,Other,Masters,18,HR,L1,10,11,6,0.8,3,2.89,1.16,37,0.87,82,2,0,12,0,9.6,4.1,4.29,9,1,P25,M
2359,28,Other,Masters,16,QA,L3,11,10,3.8,0.87,33,4.52,0.25,80,0.79,42,2,1,12,0,9.6,3.2,4.79,20,1,P50,H
2360,39,Female,Bachelors,18,QA,L5,11,4,6.3,0.66,27,4.8,1.34,80,0.65,69,2,1,10,3,9.6,4.84,2.82,22,1,P75,H
2361,24,Other,Bachelors,9,Finance,L2,11,8,7.5,0.69,1,3.11,0.25,55,0.87,10,5,1,11,5,9.6,3.02,3.97,18,2,P50,M
2362,36,Other,Diploma,4,QA,L5,7,11,7.1,0.74,11,2.69,0.12,152,0.55,21,5,3,13,2,9.6,4.68,2.73,18,2,P90,M
2363,24,Female,PhD,27,HR,L3,13,4,5.1,0.94,5,4.61,0.54,139,0.55,111,3,4,9,5,9.6,3.82,2.88,6,1,P25,H
2364,53,Male,Bachelors,29,Sales,L3,4,10,6.2,0.75,6,4.02,1.17,198,0.6,0,3,2,3,5,9.6,3.04,3.72,6,2,P90,H
2365,30,Male,Masters,16,Finance,L3,5,5,2.4,0.73,3,3.15,1.16,198,0.58,45,4,4,8,0,9.6,4.13,3.34,16,2,P75,H
2366,35,Male,Bachelors,25,Sales,L4,2,2,4.8,0.9,8,2.93,1.3,50,0.94,58,4,1,13,2,9.6,4.57,3.29,23,0,P25,M
2367,50,Male,Diploma,2,Sales,L3,2,10,8.8,0.66,0,3.74,0.27,139,0.62,69,0,4,6,7,9.6,2.89,3.33,15,0,P75,M
2368,48,Male,Bachelors,7,Finance,L1,2,11,9.1,0.73,5,4.82,0.33,183,0.99,70,5,2,4,2,9.6,2.82,2.94,1,2,P25,H
2369,40,Female,Diploma,9,Finance,L2,8,9,0.2,0.82,21,2.92,0.31,146,0.52,56,3,0,8,3,9.6,4.64,3.1,4,2,P25,H
2370,42,Female,PhD,16,QA,L5,6,8,2.5,0.74,21,4.31,0.31,96,0.54,10,1,1,3,1,9.6,2.76,2.9,22,2,P50,M
2371,45,Other,Diploma,27,Engineering,L1,14,2,2.6,0.84,8,3.13,0.63,124,0.71,87,0,3,8,0,9.6,4.53,3.35,18,1,P25,H
2372,50,Male,Diploma,1,Engineering,L2,11,9,3.3,0.84,4,3.98,1.49,20,0.81,16,5,0,6,9,9.6,4.81,2.51,23,0,P25,M
2373,50,Other,Diploma,12,QA,L5,3,6,3,0.66,28,3.61,1.02,75,0.82,99,2,0,11,1,9.6,3.66,4.01,20,1,P25,M
2374,37,Female,Diploma,2,Sales,L4,1,11,2.8,0.65,25,3.92,0.51,188,0.56,11,0,3,12,8,9.6,4.16,4.74,17,0,P90,H
2375,22,Other,Masters,21,Engineering,L1,4,5,4.7,0.91,33,2.84,1.44,143,0.76,31,3,0,14,8,9.6,2.9,4.33,24,2,P90,M
2376,23,Female,PhD,5,Engineering,L1,11,5,2.4,0.77,6,4.66,0.84,54,0.59,10,0,4,0,7,9.6,3.56,4.04,4,0,P90,M
2377,46,Other,Diploma,14,Product,L3,3,11,7.3,0.66,15,4.96,0.06,116,0.62,49,4,3,8,2,9.6,2.78,4.44,8,2,P90,M
2378,44,Other,Diploma,6,HR,L3,2,4,0.3,0.63,7,3.74,0.11,102,0.62,47,2,4,9,5,9.6,3.39,3.27,0,0,P25,M
2379,23,Male,Masters,26,Sales,L5,11,5,9.6,0.77,29,3.51,0.83,48,0.63,54,1,2,6,4,9.6,4.97,2.97,16,0,P25,M
2380,42,Male,Bachelors,11,Product,L5,11,6,1.9,0.94,32,4.48,0.29,156,0.93,89,0,2,1,9,9.6,3.68,2.64,5,2,P50,H
2381,30,Female,Masters,26,Engineering,L5,9,6,8.9,0.68,34,2.92,0.4,92,0.9,111,0,1,9,3,9.6,3.79,3.34,14,1,P50,M
2382,45,Female,Diploma,3,Engineering,L5,6,3,6.8,1,21,2.68,0.56,132,0.58,37,0,3,9,6,9.6,4.21,3.67,17,1,P75,H
2383,49,Male,Masters,26,QA,L2,1,11,8.8,0.61,13,4.29,0.89,24,0.84,56,1,2,14,6,9.6,3.57,3.73,6,2,P90,M
2384,36,Other,PhD,1,Product,L4,8,7,4.3,0.84,32,3.87,1.4,39,0.62,95,5,2,13,1,9.6,4.24,2.61,16,0,P90,M
2385,44,Male,Masters,26,HR,L3,1,7,3.2,0.88,23,4.08,0.13,22,0.51,90,0,4,10,8,9.6,3.41,3.75,14,2,P25,M
2386,47,Female,PhD,26,Finance,L5,7,6,6.1,0.81,38,2.57,1.38,141,0.53,47,3,2,11,1,9.6,3.02,3.35,14,1,P50,M
2387,47,Male,Bachelors,24,Product,L1,10,1,2,0.7,6,4.66,0.65,172,0.88,20,2,0,0,3,9.6,3.44,2.59,3,1,P25,H
2388,52,Male,Diploma,20,Product,L5,3,11,4.2,0.73,29,4.17,0.47,146,0.84,15,2,2,6,7,9.6,2.76,2.94,1,0,P90,H
2389,34,Male,Bachelors,17,Product,L5,12,5,5.4,0.82,36,2.78,0.43,76,0.76,56,0,3,4,7,9.6,3.25,2.89,6,1,P75,M
2390,45,Other,Masters,18,HR,L4,4,8,1.2,0.96,37,4.15,0.54,152,0.56,118,4,1,1,8,9.6,2.91,2.61,20,0,P75,H
2391,46,Male,PhD,14,Engineering,L4,10,8,8,0.77,9,4.95,0.63,32,0.9,36,5,0,0,6,9.6,2.61,2.93,15,0,P75,M
2392,44,Female,Diploma,20,Finance,L1,1,2,4.6,0.74,4,3.14,0.59,187,0.75,6,2,2,5,8,9.6,4.63,4.24,14,1,P75,H
2393,49,Other,Masters,17,QA,L1,11,1,5.3,0.76,32,4.86,1.27,29,0.79,22,2,3,3,8,9.6,3.44,4.56,8,2,P25,M
2394,24,Male,Diploma,22,Engineering,L2,13,1,6.8,1,30,4.9,0.51,152,0.91,18,3,0,7,1,9.6,4.75,4.9,18,2,P50,H
2395,40,Male,Masters,17,QA,L3,1,5,9,0.71,10,4.6,0.36,76,0.65,88,4,1,8,3,9.6,3.92,4.63,18,2,P90,M
2396,39,Male,Masters,0,Finance,L2,7,7,1.4,0.67,27,3.72,1.4,110,0.66,28,2,4,10,7,9.6,3.98,4.65,15,0,P90,H
2397,39,Other,Bachelors,19,Sales,L2,6,7,1.9,0.96,27,3.62,1.17,186,0.55,33,5,2,12,2,9.6,3.83,2.97,15,1,P75,H
2398,26,Female,PhD,1,QA,L3,6,6,1.2,0.65,8,3.4,0.04,142,0.67,100,4,4,13,7,9.6,4.56,4.64,23,0,P90,H
2399,47,Female,Bachelors,4,Product,L2,11,4,9.6,0.94,9,4.46,0.83,106,0.91,38,1,2,8,2,9.6,3.34,3.15,9,0,P90,H
2400,51,Female,PhD,16,Sales,L5,7,5,4.3,0.85,9,2.88,0.94,196,0.81,70,1,4,9,1,9.6,4.59,4.15,16,0,P25,H
